Date,Sales,Month,Sales.Bil,Deflated,,Year,Inf,Inf.100,Adj.Coeffs,,Sales.Bil.Smoothed,W,,Actual,Predicted,Residual,Lag1
Jan-92,164095,1,164.095,164.095,,1992,0.00%,100.00%,1,,164.095,0.5,,164.095,183.9032,-19.8082,
Feb-92,164213,2,164.213,164.213,,1993,2.96%,102.96%,0.971250971,,164.154,,,164.213,184.2064,-19.9934,-19.8082
Mar-92,163721,3,163.721,163.721,,1994,2.61%,105.65%,0.946546118,,163.9375,,,163.721,184.5096,-20.7886,-19.9934
Apr-92,164709,4,164.709,164.709,,1995,2.81%,108.62%,0.920675146,,164.32325,,,164.709,184.8128,-20.1038,-20.7886
May-92,165612,5,165.612,165.612,,1996,2.93%,111.80%,0.894467255,,164.967625,,,165.612,185.116,-19.504,-20.1038
Jun-92,166077,6,166.077,166.077,,1997,2.34%,114.41%,0.874015297,,165.5223125,,,166.077,185.4192,-19.3422,-19.504
Jul-92,167257,7,167.257,167.257,,1998,1.55%,116.19%,0.860674837,,166.3896563,,,167.257,185.7224,-18.4654,-19.3422
Aug-92,167800,8,167.8,167.8,,1999,2.19%,118.73%,0.84223,,167.0948281,,,167.8,186.0256,-18.2256,-18.4654
Sep-92,169400,9,169.4,169.4,,2000,3.38%,122.75%,0.814693365,,168.2474141,,,169.4,186.3288,-16.9288,-18.2256
Oct-92,170625,10,170.625,165.7196969,,2001,2.83%,126.22%,0.792272065,,166.9835555,,,165.7196969,186.632,-20.91230307,-16.9288
Nov-92,171003,11,171.003,161.8622258,,2002,1.59%,128.23%,0.779872099,,164.4228907,,,161.8622258,186.9352,-25.07297418,-20.91230307
Dec-92,173105,12,173.105,159.3734711,,2003,2.27%,131.14%,0.762561943,,161.8981809,,,159.3734711,187.2384,-27.86492885,-25.07297418
Jan-93,175108,13,175.108,170.073815,,2004,2.68%,134.65%,0.74265869,,165.985998,,,170.073815,187.5416,-17.46778497,-27.86492885
Feb-93,173744,14,173.744,168.7490287,,2005,3.39%,139.22%,0.718308047,,169.864999,,,168.7490287,187.8448,-19.09577129,-17.46778497
Mar-93,172306,15,172.306,167.3523698,,2006,3.24%,143.73%,0.695765253,,171.0854995,,,167.3523698,188.148,-20.79563019,-19.09577129
Apr-93,176749,16,176.749,171.6676379,,2007,2.85%,147.82%,0.676485418,,173.9172497,,,171.6676379,188.4512,-16.78356213,-20.79563019
May-93,178426,17,178.426,173.2964258,,2008,3.85%,153.51%,0.651406277,,176.1716249,,,173.2964258,188.7544,-15.45797425,-16.78356213
Jun-93,178157,18,178.157,173.0351592,,2009,-0.34%,152.99%,0.653628614,,177.1643124,,,173.0351592,189.0576,-16.02244076,-15.45797425
Jul-93,180743,19,180.743,175.5468143,,2010,1.64%,155.50%,0.643082068,,178.9536562,,,175.5468143,189.3608,-13.81398575,-16.02244076
Aug-93,180707,20,180.707,175.5118492,,2011,3.16%,160.41%,0.62338316,,179.8303281,,,175.5118492,189.664,-14.15215078,-13.81398575
Sep-93,181773,21,181.773,176.5472028,,2012,2.07%,163.74%,0.610740825,,180.8016641,,,176.5472028,189.9672,-13.41999725,-14.15215078
Oct-93,182884,22,182.884,177.6262626,,2013,1.47%,166.14%,0.601892998,,181.842832,,,177.6262626,190.2704,-12.64413742,-13.41999725
Nov-93,184747,23,184.747,179.4357031,,2014,1.62%,168.83%,0.592297774,,183.294916,,,179.4357031,190.5736,-11.13789686,-12.64413742
Dec-93,186399,24,186.399,181.0402097,,2015,0.12%,169.04%,0.591587869,,184.846958,,,181.0402097,190.8768,-9.836590257,-11.13789686
Jan-94,185142,25,185.142,179.8193473,,2016,1.26%,171.17%,0.584226613,,184.994479,,,179.8193473,191.18,-11.3606527,-9.836590257
Feb-94,188074,26,188.074,182.6670552,,2017,2.13%,174.81%,0.572042116,,186.5342395,,,182.6670552,191.4832,-8.8161448,-11.3606527
Mar-94,191579,27,191.579,186.0712898,,2018,2.44%,179.08%,0.558416748,,189.0566198,,,186.0712898,191.7864,-5.7151102,-8.8161448
Apr-94,191639,28,191.639,186.1295649,,2019,1.81%,182.32%,0.548489095,,190.3478099,,,186.1295649,192.0896,-5.9600351,-5.7151102
May-94,190929,29,190.929,185.4399767,,,,,,,190.6384049,,,185.4399767,192.3928,-6.9528233,-5.9600351
Jun-94,193130,30,193.13,187.5777001,,,,,,,191.8842025,,,187.5777001,192.696,-5.1182999,-6.9528233
Jul-94,193743,31,193.743,188.1730769,,,,,,,192.8136012,,,188.1730769,192.9992,-4.8261231,-5.1182999
Aug-94,196163,32,196.163,190.5235043,,,,,,,194.4883006,,,190.5235043,193.3024,-2.7788957,-4.8261231
Sep-94,197765,33,197.765,192.0794483,,,,,,,196.1266503,,,192.0794483,193.6056,-1.5261517,-2.7788957
Oct-94,199571,34,199.571,193.8335276,,,,,,,197.8488252,,,193.8335276,193.9088,-0.0752724,-1.5261517
Nov-94,199731,35,199.731,193.9889277,,,,,,,198.7899126,,,193.9889277,194.212,-0.2230723,-0.0752724
Dec-94,200702,36,200.702,194.9320124,,,,,,,199.7459563,,,194.9320124,194.5152,0.4168124,-0.2230723
Jan-95,201573,37,201.573,190.7981406,,,,,,,200.6594781,,,190.7981406,194.8184,-4.0202594,0.4168124
Feb-95,198399,38,198.399,187.7938032,,,,,,,199.5292391,,,187.7938032,195.1216,-7.3277968,-4.0202594
Mar-95,200247,39,200.247,189.5430204,,,,,,,199.8881195,,,189.5430204,195.4248,-5.8817796,-7.3277968
Apr-95,201032,40,201.032,190.2860591,,,,,,,200.4600598,,,190.2860591,195.728,-5.4419409,-5.8817796
May-95,202986,41,202.986,192.1356102,,,,,,,201.7230299,,,192.1356102,196.0312,-3.8955898,-5.4419409
Jun-95,205500,42,205.5,194.5152272,,,,,,,203.6115149,,,194.5152272,196.3344,-1.8191728,-3.8955898
Jul-95,204920,43,204.92,193.9662304,,,,,,,204.2657575,,,193.9662304,196.6376,-2.6713696,-1.8191728
Aug-95,206521,44,206.521,195.4816507,,,,,,,205.3933787,,,195.4816507,196.9408,-1.4591493,-2.6713696
Sep-95,207006,45,207.006,195.9407256,,,,,,,206.1996894,,,195.9407256,197.244,-1.3032744,-1.4591493
Oct-95,206176,46,206.176,195.1550923,,,,,,,206.1878447,,,195.1550923,197.5472,-2.3921077,-1.3032744
Nov-95,208664,47,208.664,197.5100991,,,,,,,207.4259223,,,197.5100991,197.8504,-0.3403009,-2.3921077
Dec-95,210399,48,210.399,199.1523566,,,,,,,208.9124612,,,199.1523566,198.1536,0.9987566,-0.3403009
Jan-96,208699,49,208.699,192.1439823,,,,,,,208.8057306,,,192.1439823,198.4568,-6.3128177,0.9987566
Feb-96,212008,50,212.008,195.1904963,,,,,,,210.4068653,,,195.1904963,198.76,-3.5695037,-6.3128177
Mar-96,213891,51,213.891,196.9241276,,,,,,,212.1489326,,,196.9241276,199.0632,-2.1390724,-3.5695037
Apr-96,214676,52,214.676,197.6468576,,,,,,,213.4124663,,,197.6468576,199.3664,-1.7195424,-2.1390724
May-96,216299,53,216.299,199.1411134,,,,,,,214.8557332,,,199.1411134,199.6696,-0.5284866,-1.7195424
Jun-96,216068,54,216.068,198.9284374,,,,,,,215.4618666,,,198.9284374,199.9728,-1.0443626,-0.5284866
Jul-96,216332,55,216.332,199.1714957,,,,,,,215.8969333,,,199.1714957,200.276,-1.1045043,-1.0443626
Aug-96,216358,56,216.358,199.1954332,,,,,,,216.1274666,,,199.1954332,200.5792,-1.3837668,-1.1045043
Sep-96,219256,57,219.256,201.8635498,,,,,,,217.6917333,,,201.8635498,200.8824,0.9811498,-1.3837668
Oct-96,221060,58,221.06,203.5244478,,,,,,,219.3758667,,,203.5244478,201.1856,2.3388478,0.9811498
Nov-96,220963,59,220.963,203.4351423,,,,,,,220.1694333,,,203.4351423,201.4888,1.9463423,2.3388478
Dec-96,221991,60,221.991,204.3815963,,,,,,,221.0802167,,,204.3815963,201.792,2.5895963,1.9463423
Jan-97,223481,61,223.481,199.8964367,,,,,,,222.2806083,,,199.8964367,202.0952,-2.1987633,2.5895963
Feb-97,225422,62,225.422,201.6325976,,,,,,,223.8513042,,,201.6325976,202.3984,-0.7658024,-2.1987633
Mar-97,226161,63,226.161,202.2936089,,,,,,,225.0061521,,,202.2936089,202.7016,-0.4079911,-0.7658024
Apr-97,224615,64,224.615,200.9107626,,,,,,,224.810576,,,200.9107626,203.0048,-2.0940374,-0.4079911
May-97,222929,65,222.929,199.4026908,,,,,,,223.869788,,,199.4026908,203.308,-3.9053092,-2.0940374
Jun-97,226057,66,226.057,202.2005844,,,,,,,224.963394,,,202.2005844,203.6112,-1.4106156,-3.9053092
Jul-97,228703,67,228.703,204.5673447,,,,,,,226.833197,,,204.5673447,203.9144,0.6529447,-1.4106156
Aug-97,229309,68,229.309,205.1093919,,,,,,,228.0710985,,,205.1093919,204.2176,0.8917919,0.6529447
Sep-97,230312,69,230.312,206.0065425,,,,,,,229.1915493,,,206.0065425,204.5208,1.4857425,0.8917919
Oct-97,229836,70,229.836,205.5807761,,,,,,,229.5137746,,,205.5807761,204.824,0.7567761,1.4857425
Nov-97,230440,71,230.44,206.1210343,,,,,,,229.9768873,,,206.1210343,205.1272,0.9938343,0.7567761
Dec-97,231181,72,231.181,206.7838346,,,,,,,230.5789437,,,206.7838346,205.4304,1.3534346,0.9938343
Jan-98,231587,73,231.587,202.4105807,,,,,,,231.0829718,,,202.4105807,205.7336,-3.3230193,1.3534346
Feb-98,231684,74,231.684,202.4953602,,,,,,,231.3834859,,,202.4953602,206.0368,-3.5414398,-3.3230193
Mar-98,233083,75,233.083,203.7181076,,,,,,,232.233243,,,203.7181076,206.34,-2.6218924,-3.5414398
Apr-98,235986,76,235.986,206.255374,,,,,,,234.1096215,,,206.255374,206.6432,-0.387826,-2.6218924
May-98,237075,77,237.075,207.2071766,,,,,,,235.5923107,,,207.2071766,206.9464,0.2607766,-0.387826
Jun-98,238971,78,238.971,208.8643096,,,,,,,237.2816554,,,208.8643096,207.2496,1.6147096,0.2607766
Jul-98,237411,79,237.411,207.5008458,,,,,,,237.3463277,,,207.5008458,207.5528,-0.0519542,1.6147096
Aug-98,236379,80,236.379,206.598862,,,,,,,236.8626638,,,206.598862,207.856,-1.257138,-0.0519542
Sep-98,238550,81,238.55,208.4963492,,,,,,,237.7063319,,,208.4963492,208.1592,0.3371492,-1.257138
Oct-98,242549,82,242.549,211.9915364,,,,,,,240.127666,,,211.9915364,208.4624,3.5291364,0.3371492
Nov-98,244291,83,244.291,213.514071,,,,,,,242.209333,,,213.514071,208.7656,4.748471,3.5291364
Dec-98,246530,84,246.53,215.4709913,,,,,,,244.3696665,,,215.4709913,209.0688,6.4021913,4.748471
Jan-99,246868,85,246.868,212.4730758,,,,,,,245.6188332,,,212.4730758,209.372,3.1010758,6.4021913
Feb-99,249520,86,249.52,214.7555854,,,,,,,247.5694166,,,214.7555854,209.6752,5.0803854,3.1010758
Mar-99,250667,87,250.667,215.7427795,,,,,,,249.1182083,,,215.7427795,209.9784,5.7643795,5.0803854
Apr-99,252477,88,252.477,217.3006009,,,,,,,250.7976042,,,217.3006009,210.2816,7.0190009,5.7643795
May-99,254735,89,254.735,219.2440047,,,,,,,252.7663021,,,219.2440047,210.5848,8.6592047,7.0190009
Jun-99,255449,90,255.449,219.8585266,,,,,,,254.107651,,,219.8585266,210.888,8.9705266,8.6592047
Jul-99,257456,91,257.456,221.585901,,,,,,,255.7818255,,,221.585901,211.1912,10.394701,8.9705266
Aug-99,260230,92,260.23,223.973413,,,,,,,258.0059128,,,223.973413,211.4944,12.479013,10.394701
Sep-99,261317,93,261.317,224.9089665,,,,,,,259.6614564,,,224.9089665,211.7976,13.1113665,12.479013
Oct-99,261818,94,261.818,225.3401646,,,,,,,260.7397282,,,225.3401646,212.1008,13.2393646,13.1113665
Nov-99,264965,95,264.965,228.0487083,,,,,,,262.8523641,,,228.0487083,212.404,15.6447083,13.2393646
Dec-99,269863,96,269.863,232.2642937,,,,,,,266.357682,,,232.2642937,212.7072,19.5570937,15.6447083
Jan-00,268044,97,268.044,225.7546982,,,,,,,267.200841,,,225.7546982,213.0104,12.7442982,19.5570937
Feb-00,272020,98,272.02,229.1034047,,,,,,,269.6104205,,,229.1034047,213.3136,15.7898047,12.7442982
Mar-00,275192,99,275.192,231.7749583,,,,,,,272.4012103,,,231.7749583,213.6168,18.1581583,15.7898047
Apr-00,271046,100,271.046,228.2830727,,,,,,,271.7236051,,,228.2830727,213.92,14.3630727,18.1581583
May-00,271394,101,271.394,228.5761687,,,,,,,271.5588026,,,228.5761687,214.2232,14.3529687,14.3630727
Jun-00,273422,102,273.422,230.2842112,,,,,,,272.4904013,,,230.2842112,214.5264,15.7578112,14.3529687
Jul-00,272630,103,272.63,229.617165,,,,,,,272.5602006,,,229.617165,214.8296,14.787565,15.7578112
Aug-00,272918,104,272.918,229.8597273,,,,,,,272.7391003,,,229.8597273,215.1328,14.7269273,14.787565
Sep-00,277548,105,277.548,233.7592522,,,,,,,275.1435502,,,233.7592522,215.436,18.3232522,14.7269273
Oct-00,276927,106,276.927,233.2362273,,,,,,,276.0352751,,,233.2362273,215.7392,17.4970273,18.3232522
Nov-00,276029,107,276.029,232.4799048,,,,,,,276.0321375,,,232.4799048,216.0424,16.4375048,17.4970273
Dec-00,275791,108,275.791,232.2794541,,,,,,,275.9115688,,,232.2794541,216.3456,15.9338541,16.4375048
Jan-01,278834,109,278.834,227.1642097,,,,,,,277.3727844,,,227.1642097,216.6488,10.5154097,15.9338541
Feb-01,278773,110,278.773,227.1145134,,,,,,,278.0728922,,,227.1145134,216.952,10.1625134,10.5154097
Mar-01,276450,111,276.45,225.2219807,,,,,,,277.2614461,,,225.2219807,217.2552,7.9667807,10.1625134
Apr-01,280808,112,280.808,228.7724144,,,,,,,279.034723,,,228.7724144,217.5584,11.2140144,7.9667807
May-01,281496,113,281.496,229.3329234,,,,,,,280.2653615,,,229.3329234,217.8616,11.4713234,11.2140144
Jun-01,280401,114,280.401,228.4408342,,,,,,,280.3331808,,,228.4408342,218.1648,10.2760342,11.4713234
Jul-01,279504,115,279.504,227.7100542,,,,,,,279.9185904,,,227.7100542,218.468,9.2420542,10.2760342
Aug-01,281413,116,281.413,229.2653038,,,,,,,280.6657952,,,229.2653038,218.7712,10.4941038,9.2420542
Sep-01,276084,117,276.084,224.9238029,,,,,,,278.3748976,,,224.9238029,219.0744,5.8494029,10.4941038
Oct-01,294540,118,294.54,239.9597836,,,,,,,286.4574488,,,239.9597836,219.3776,20.5821836,5.8494029
Nov-01,287111,119,287.111,233.9074266,,,,,,,286.7842244,,,233.9074266,219.6808,14.2266266,20.5821836
Dec-01,283705,120,283.705,231.132581,,,,,,,285.2446122,,,231.132581,219.984,11.148581,14.2266266
Jan-02,283508,121,283.508,224.6154687,,,,,,,284.3763061,,,224.6154687,220.2872,4.3282687,11.148581
Feb-02,285054,122,285.054,225.8403213,,,,,,,284.715153,,,225.8403213,220.5904,5.2499213,4.3282687
Mar-02,284262,123,284.262,225.2128418,,,,,,,284.4885765,,,225.2128418,220.8936,4.3192418,5.2499213
Apr-02,288833,124,288.833,228.8343174,,,,,,,286.6607883,,,228.8343174,221.1968,7.6375174,4.3192418
May-02,284951,125,284.951,225.7587173,,,,,,,285.8058941,,,225.7587173,221.5,4.2587173,7.6375174
Jun-02,287372,126,287.372,227.6768079,,,,,,,286.5889471,,,227.6768079,221.8032,5.8736079,4.2587173
Jul-02,290385,127,290.385,230.0639237,,,,,,,288.4869735,,,230.0639237,222.1064,7.9575237,5.8736079
Aug-02,292650,128,292.65,231.8584199,,,,,,,290.5684868,,,231.8584199,222.4096,9.4488199,7.9575237
Sep-02,288410,129,288.41,228.4991863,,,,,,,289.4892434,,,228.4991863,222.7128,5.7863863,9.4488199
Oct-02,289576,130,289.576,229.4229756,,,,,,,289.5326217,,,229.4229756,223.016,6.4069756,5.7863863
Nov-02,291484,131,291.484,230.9346307,,,,,,,290.5083108,,,230.9346307,223.3192,7.6154307,6.4069756
Dec-02,293947,132,293.947,232.8859968,,,,,,,292.2276554,,,232.8859968,223.6224,9.2635968,7.6154307
Jan-03,295248,133,295.248,230.2556775,,,,,,,293.7378277,,,230.2556775,223.9256,6.3300775,9.2635968
Feb-03,291167,134,291.167,227.0730194,,,,,,,292.4524139,,,227.0730194,224.2288,2.8442194,6.3300775
Mar-03,296325,135,296.325,231.0955997,,,,,,,294.3887069,,,231.0955997,224.532,6.5635997,2.8442194
Apr-03,295600,136,295.6,230.5301924,,,,,,,294.9943535,,,230.5301924,224.8352,5.6949924,6.5635997
May-03,296410,137,296.41,231.1618888,,,,,,,295.7021767,,,231.1618888,225.1384,6.0234888,5.6949924
Jun-03,299626,138,299.626,233.6699575,,,,,,,297.6640884,,,233.6699575,225.4416,8.2283575,6.0234888
Jul-03,302747,139,302.747,236.1039383,,,,,,,300.2055442,,,236.1039383,225.7448,10.3591383,8.2283575
Aug-03,307809,140,307.809,240.0516509,,,,,,,304.0072721,,,240.0516509,226.048,14.0036509,10.3591383
Sep-03,305933,141,305.933,238.5886108,,,,,,,304.970136,,,238.5886108,226.3512,12.2374108,14.0036509
Oct-03,304809,142,304.809,237.7120346,,,,,,,304.889568,,,237.7120346,226.6544,11.0576346,12.2374108
Nov-03,308527,143,308.527,240.6115991,,,,,,,306.708284,,,240.6115991,226.9576,13.6539991,11.0576346
Dec-03,307407,144,307.407,239.7381423,,,,,,,307.057642,,,239.7381423,227.2608,12.4773423,13.6539991
Jan-04,309254,145,309.254,235.8253311,,,,,,,308.155821,,,235.8253311,227.564,8.2613311,12.4773423
Feb-04,311393,146,311.393,237.4564511,,,,,,,309.7744105,,,237.4564511,227.8672,9.5892511,8.2613311
Mar-04,316912,147,316.912,241.6650304,,,,,,,313.3432053,,,241.6650304,228.1704,13.4946304,9.5892511
Apr-04,313512,148,313.512,239.0723198,,,,,,,313.4276026,,,239.0723198,228.4736,10.5987198,13.4946304
May-04,318964,149,318.964,243.2298075,,,,,,,316.1958013,,,243.2298075,228.7768,14.4530075,10.5987198
Jun-04,314958,150,314.958,240.1749844,,,,,,,315.5769007,,,240.1749844,229.08,11.0949844,14.4530075
Jul-04,318549,151,318.549,242.9133443,,,,,,,317.0629503,,,242.9133443,229.3832,13.5301443,11.0949844
Aug-04,318977,152,318.977,243.2397208,,,,,,,318.0199752,,,243.2397208,229.6864,13.5533208,13.5301443
Sep-04,324569,153,324.569,247.5039672,,,,,,,321.2944876,,,247.5039672,229.9896,17.5143672,13.5533208
Oct-04,326740,154,326.74,249.1594892,,,,,,,324.0172438,,,249.1594892,230.2928,18.8666892,17.5143672
Nov-04,327836,155,327.836,249.9952571,,,,,,,325.9266219,,,249.9952571,230.596,19.3992571,18.8666892
Dec-04,331874,156,331.874,253.0744822,,,,,,,328.9003109,,,253.0744822,230.8992,22.1752822,19.3992571
Jan-05,328696,157,328.696,244.1089407,,,,,,,328.7981555,,,244.1089407,231.2024,12.9065407,22.1752822
Feb-05,333026,158,333.026,247.3246529,,,,,,,330.9120777,,,247.3246529,231.5056,15.8190529,12.9065407
Mar-05,333581,159,333.581,247.7368284,,,,,,,332.2465389,,,247.7368284,231.8088,15.9280284,15.8190529
Apr-05,336583,160,336.583,249.9662898,,,,,,,334.4147694,,,249.9662898,232.112,17.8542898,15.9280284
May-05,334522,161,334.522,248.4356703,,,,,,,334.4683847,,,248.4356703,232.4152,16.0204703,17.8542898
Jun-05,343998,162,343.998,255.473104,,,,,,,339.2331924,,,255.473104,232.7184,22.754704,16.0204703
Jul-05,346576,163,346.576,257.3876781,,,,,,,342.9045962,,,257.3876781,233.0216,24.3660781,22.754704
Aug-05,343307,164,343.307,254.9599269,,,,,,,343.1057981,,,254.9599269,233.3248,21.6351269,24.3660781
Sep-05,343956,165,343.956,255.4419123,,,,,,,343.530899,,,255.4419123,233.628,21.8139123,21.6351269
Oct-05,344097,166,344.097,255.5466272,,,,,,,343.8139495,,,255.5466272,233.9312,21.6154272,21.8139123
Nov-05,347325,167,347.325,257.9439295,,,,,,,345.5694748,,,257.9439295,234.2344,23.7095295,21.6154272
Dec-05,347405,168,347.405,258.0033422,,,,,,,346.4872374,,,258.0033422,234.5376,23.4657422,23.7095295
Jan-06,357331,169,357.331,256.6737328,,,,,,,351.9091187,,,256.6737328,234.8408,21.8329328,23.4657422
Feb-06,354706,170,354.706,254.7881742,,,,,,,353.3075593,,,254.7881742,235.144,19.6441742,21.8329328
Mar-06,355665,171,355.665,255.4770316,,,,,,,354.4862797,,,255.4770316,235.4472,20.0298316,19.6441742
Apr-06,357423,172,357.423,256.7398171,,,,,,,355.9546398,,,256.7398171,235.7504,20.9894171,20.0298316
May-06,356704,173,356.704,256.2233536,,,,,,,356.3293199,,,256.2233536,236.0536,20.1697536,20.9894171
Jun-06,357879,174,357.879,257.0673656,,,,,,,357.10416,,,257.0673656,236.3568,20.7105656,20.1697536
Jul-06,359006,175,359.006,257.8768988,,,,,,,358.05508,,,257.8768988,236.66,21.2168988,20.7105656
Aug-06,360691,176,360.691,259.0872478,,,,,,,359.37304,,,259.0872478,236.9632,22.1240478,21.2168988
Sep-06,358961,177,358.961,257.8445749,,,,,,,359.16702,,,257.8445749,237.2664,20.5781749,22.1240478
Oct-06,358462,178,358.462,257.4861392,,,,,,,358.81451,,,257.4861392,237.5696,19.9165392,20.5781749
Nov-06,359266,179,359.266,258.0636589,,,,,,,359.040255,,,258.0636589,237.8728,20.1908589,19.9165392
Dec-06,363730,180,363.73,261.270186,,,,,,,361.3851275,,,261.270186,238.176,23.094186,20.1908589
Jan-07,363616,181,363.616,252.9913782,,,,,,,362.5005637,,,252.9913782,238.4792,14.5121782,23.094186
Feb-07,364006,182,364.006,253.2627267,,,,,,,363.2532819,,,253.2627267,238.7824,14.4803267,14.5121782
Mar-07,367158,183,367.158,255.4557787,,,,,,,365.2056409,,,255.4557787,239.0856,16.3701787,14.4803267
Apr-07,366187,184,366.187,254.7801907,,,,,,,365.6963205,,,254.7801907,239.3888,15.3913907,16.3701787
May-07,370934,185,370.934,258.0829883,,,,,,,368.3151602,,,258.0829883,239.692,18.3909883,15.3913907
Jun-07,368154,186,368.154,256.1487609,,,,,,,368.2345801,,,256.1487609,239.9952,16.1535609,18.3909883
Jul-07,369614,187,369.614,257.1645782,,,,,,,368.9242901,,,257.1645782,240.2984,16.8661782,16.1535609
Aug-07,371358,188,371.358,258.3779928,,,,,,,370.141145,,,258.3779928,240.6016,17.7763928,16.8661782
Sep-07,372869,189,372.869,259.4292941,,,,,,,371.5050725,,,259.4292941,240.9048,18.5244941,17.7763928
Oct-07,375289,190,375.289,261.113046,,,,,,,373.3970363,,,261.113046,241.208,19.905046,18.5244941
Nov-07,378860,191,378.86,263.5976237,,,,,,,376.1285181,,,263.5976237,241.5112,22.0864237,19.905046
Dec-07,374298,192,374.298,260.4235426,,,,,,,375.2132591,,,260.4235426,241.8144,18.6091426,22.0864237
Jan-08,375236,193,375.236,253.8416825,,,,,,,375.2246295,,,253.8416825,242.1176,11.7240825,18.6091426
Feb-08,371833,194,371.833,251.5396026,,,,,,,373.5288148,,,251.5396026,242.4208,9.1188026,11.7240825
Mar-08,372745,195,372.745,252.1565573,,,,,,,373.1369074,,,252.1565573,242.724,9.4325573,9.1188026
Apr-08,372572,196,372.572,252.0395253,,,,,,,372.8544537,,,252.0395253,243.0272,9.0123253,9.4325573
May-08,376036,197,376.036,254.3828708,,,,,,,374.4452268,,,254.3828708,243.3304,11.0524708,9.0123253
Jun-08,376455,198,376.455,254.6663182,,,,,,,375.4501134,,,254.6663182,243.6336,11.0327182,11.0524708
Jul-08,375038,199,375.038,253.7077384,,,,,,,375.2440567,,,253.7077384,243.9368,9.7709384,11.0327182
Aug-08,372284,200,372.284,251.8446975,,,,,,,373.7640284,,,251.8446975,244.24,7.6046975,9.7709384
Sep-08,366729,201,366.729,248.086821,,,,,,,370.2465142,,,248.086821,244.5432,3.543621,7.6046975
Oct-08,352950,202,352.95,238.7655285,,,,,,,361.5982571,,,238.7655285,244.8464,-6.0808715,3.543621
Nov-08,339350,203,339.35,229.5653268,,,,,,,350.4741285,,,229.5653268,245.1496,-15.5842732,-6.0808715
Dec-08,332091,204,332.091,224.6547191,,,,,,,341.2825643,,,224.6547191,245.4528,-20.7980809,-15.5842732
Jan-09,336929,205,336.929,219.4776654,,,,,,,339.1057821,,,219.4776654,245.756,-26.2783346,-20.7980809
Feb-09,335576,206,335.576,218.5963128,,,,,,,337.3408911,,,218.5963128,246.0592,-27.4628872,-26.2783346
Mar-09,329747,207,329.747,214.7992656,,,,,,,333.5439455,,,214.7992656,246.3624,-31.5631344,-27.4628872
Apr-09,331352,208,331.352,215.8447726,,,,,,,332.4479728,,,215.8447726,246.6656,-30.8208274,-31.5631344
May-09,334256,209,334.256,217.7364565,,,,,,,333.3519864,,,217.7364565,246.9688,-29.2323435,-30.8208274
Jun-09,339883,210,339.883,221.4019196,,,,,,,336.6174932,,,221.4019196,247.272,-25.8700804,-29.2323435
Jul-09,340517,211,340.517,221.8149112,,,,,,,338.5672466,,,221.8149112,247.5752,-25.7602888,-25.8700804
Aug-09,346668,212,346.668,225.8217112,,,,,,,342.6176233,,,225.8217112,247.8784,-22.0566888,-25.7602888
Sep-09,338507,213,338.507,220.5055846,,,,,,,340.5623116,,,220.5055846,248.1816,-27.6760154,-22.0566888
Oct-09,341654,214,341.654,222.5555601,,,,,,,341.1081558,,,222.5555601,248.4848,-25.9292399,-27.6760154
Nov-09,344375,215,344.375,224.3280366,,,,,,,342.7415779,,,224.3280366,248.788,-24.4599634,-25.9292399
Dec-09,346072,216,346.072,225.433473,,,,,,,344.406789,,,225.433473,249.0912,-23.657727,-24.4599634
Jan-10,346189,217,346.189,226.2790363,,,,,,,345.2978945,,,226.2790363,249.3944,-23.1153637,-23.657727
Feb-10,346787,218,346.787,226.6699062,,,,,,,346.0424472,,,226.6699062,249.6976,-23.0276938,-23.1153637
Mar-10,354608,219,354.608,231.7819356,,,,,,,350.3252236,,,231.7819356,250.0008,-18.2188644,-23.0276938
Apr-10,357270,220,357.27,233.521895,,,,,,,353.7976118,,,233.521895,250.304,-16.782105,-18.2188644
May-10,354015,221,354.015,231.3943338,,,,,,,353.9063059,,,231.3943338,250.6072,-19.2128662,-16.782105
Jun-10,354127,222,354.127,231.4675402,,,,,,,354.016653,,,231.4675402,250.9104,-19.4428598,-19.2128662
Jul-10,354579,223,354.579,231.7629804,,,,,,,354.2978265,,,231.7629804,251.2136,-19.4506196,-19.4428598
Aug-10,356747,224,356.747,233.1800472,,,,,,,355.5224132,,,233.1800472,251.5168,-18.3367528,-19.4506196
Sep-10,359299,225,359.299,234.8481074,,,,,,,357.4107066,,,234.8481074,251.82,-16.9718926,-18.3367528
Oct-10,363522,226,363.522,237.6083811,,,,,,,360.4663533,,,237.6083811,252.1232,-14.5148189,-16.9718926
Nov-10,367345,227,367.345,240.1072033,,,,,,,363.9056767,,,240.1072033,252.4264,-12.3191967,-14.5148189
Dec-10,369249,228,369.249,241.3517121,,,,,,,366.5773383,,,241.3517121,252.7296,-11.3778879,-12.3191967
Jan-11,371798,229,371.798,239.0966268,,,,,,,369.1876692,,,239.0966268,253.0328,-13.9361732,-11.3778879
Feb-11,375056,230,375.056,241.1917882,,,,,,,372.1218346,,,241.1917882,253.336,-12.1442118,-13.9361732
Mar-11,378471,231,378.471,243.3879134,,,,,,,375.2964173,,,243.3879134,253.6392,-10.2512866,-12.1442118
Apr-11,380773,232,380.773,244.8682884,,,,,,,378.0347086,,,244.8682884,253.9424,-9.0741116,-10.2512866
May-11,380282,233,380.282,244.5525351,,,,,,,379.1583543,,,244.5525351,254.2456,-9.6930649,-9.0741116
Jun-11,383197,234,383.197,246.4271193,,,,,,,381.1776772,,,246.4271193,254.5488,-8.1216807,-9.6930649
Jul-11,382790,235,382.79,246.1653849,,,,,,,381.9838386,,,246.1653849,254.852,-8.6866151,-8.1216807
Aug-11,383946,236,383.946,246.9087878,,,,,,,382.9649193,,,246.9087878,255.1552,-8.2464122,-8.6866151
Sep-11,387709,237,387.709,249.3287056,,,,,,,385.3369596,,,249.3287056,255.4584,-6.1296944,-8.2464122
Oct-11,389921,238,389.921,250.7512031,,,,,,,387.6289798,,,250.7512031,255.7616,-5.0103969,-6.1296944
Nov-11,391589,239,391.589,251.823864,,,,,,,389.6089899,,,251.823864,256.0648,-4.240936,-5.0103969
Dec-11,391837,240,391.837,251.9833484,,,,,,,390.722995,,,251.9833484,256.368,-4.3846516,-4.240936
Jan-12,395376,241,395.376,246.4707404,,,,,,,393.0494975,,,246.4707404,256.6712,-10.2004596,-4.3846516
Feb-12,400228,242,400.228,249.4953955,,,,,,,396.6387487,,,249.4953955,256.9744,-7.4790045,-10.2004596
Mar-12,401804,243,401.804,250.4778474,,,,,,,399.2213744,,,250.4778474,257.2776,-6.7997526,-7.4790045
Apr-12,399915,244,399.915,249.3002766,,,,,,,399.5681872,,,249.3002766,257.5808,-8.2805234,-6.7997526
May-12,399363,245,399.363,248.9561691,,,,,,,399.4655936,,,248.9561691,257.884,-8.9278309,-8.2805234
Jun-12,396140,246,396.14,246.9470051,,,,,,,397.8027968,,,246.9470051,258.1872,-11.2401949,-8.9278309
Jul-12,397458,247,397.458,247.7686241,,,,,,,397.6303984,,,247.7686241,258.4904,-10.7217759,-11.2401949
Aug-12,402152,248,402.152,250.6947847,,,,,,,399.8911992,,,250.6947847,258.7936,-8.0988153,-10.7217759
Sep-12,405366,249,405.366,252.6983382,,,,,,,402.6285996,,,252.6983382,259.0968,-6.3984618,-8.0988153
Oct-12,405925,250,405.925,253.0468094,,,,,,,404.2767998,,,253.0468094,259.4,-6.3531906,-6.3984618
Nov-12,407580,251,407.58,254.0785085,,,,,,,405.9283999,,,254.0785085,259.7032,-5.6246915,-6.3531906
Dec-12,408793,252,408.793,254.8346723,,,,,,,407.3606999,,,254.8346723,260.0064,-5.1717277,-5.6246915
Jan-13,412238,253,412.238,251.7705763,,,,,,,409.79935,,,251.7705763,260.3096,-8.5390237,-5.1717277
Feb-13,417250,254,417.25,254.8316093,,,,,,,413.524675,,,254.8316093,260.6128,-5.7811907,-8.5390237
Mar-13,414217,255,414.217,252.9792324,,,,,,,413.8708375,,,252.9792324,260.916,-7.9367676,-5.7811907
Apr-13,412268,256,412.268,251.7888985,,,,,,,413.0694187,,,251.7888985,261.2192,-9.4303015,-7.9367676
May-13,414137,257,414.137,252.9303731,,,,,,,413.6032094,,,252.9303731,261.5224,-8.5920269,-9.4303015
Jun-13,415642,258,415.642,253.8495381,,,,,,,414.6226047,,,253.8495381,261.8256,-7.9760619,-8.5920269
Jul-13,418458,259,418.458,255.5693843,,,,,,,416.5403023,,,255.5693843,262.1288,-6.5594157,-7.9760619
Aug-13,417547,260,417.547,255.0129994,,,,,,,417.0436512,,,255.0129994,262.432,-7.4190006,-6.5594157
Sep-13,417421,261,417.421,254.936046,,,,,,,417.2323256,,,254.936046,262.7352,-7.799154,-7.4190006
Oct-13,419276,262,419.276,256.0689702,,,,,,,418.2541628,,,256.0689702,263.0384,-6.9694298,-7.799154
Nov-13,420556,263,420.556,256.8507185,,,,,,,419.4050814,,,256.8507185,263.3416,-6.4908815,-6.9694298
Dec-13,422886,264,422.886,258.2737446,,,,,,,421.1455407,,,258.2737446,263.6448,-5.3710554,-6.4908815
Jan-14,418524,265,418.524,251.9066652,,,,,,,419.8347703,,,251.9066652,263.948,-12.0413348,-5.3710554
Feb-14,424674,266,424.674,255.6083071,,,,,,,422.2543852,,,255.6083071,264.2512,-8.6428929,-12.0413348
Mar-14,429134,267,429.134,258.2927499,,,,,,,425.6941926,,,258.2927499,264.5544,-6.2616501,-8.6428929
Apr-14,433648,268,433.648,261.0096949,,,,,,,429.6710963,,,261.0096949,264.8576,-3.8479051,-6.2616501
May-14,434351,269,434.351,261.4328257,,,,,,,432.0110481,,,261.4328257,265.1608,-3.7279743,-3.8479051
Jun-14,435430,270,435.43,262.0822682,,,,,,,433.7205241,,,262.0822682,265.464,-3.3817318,-3.7279743
Jul-14,436137,271,436.137,262.5078065,,,,,,,434.928762,,,262.5078065,265.7672,-3.2593935,-3.3817318
Aug-14,439650,272,439.65,264.6222566,,,,,,,437.289381,,,264.6222566,266.0704,-1.4481434,-3.2593935
Sep-14,438707,273,438.707,264.0546716,,,,,,,437.9981905,,,264.0546716,266.3736,-2.3189284,-1.4481434
Oct-14,439889,274,439.889,264.7661091,,,,,,,438.9435953,,,264.7661091,266.6768,-1.9106909,-2.3189284
Nov-14,441277,275,441.277,265.6015366,,,,,,,440.1102976,,,265.6015366,266.98,-1.3784634,-1.9106909
Dec-14,438800,276,438.8,264.1106476,,,,,,,439.4551488,,,264.1106476,267.2832,-3.1725524,-1.3784634
Jan-15,436110,277,436.11,258.3069823,,,,,,,437.7825744,,,258.3069823,267.5864,-9.2794177,-3.1725524
Feb-15,435340,278,435.34,257.850913,,,,,,,436.5612872,,,257.850913,267.8896,-10.038687,-9.2794177
Mar-15,441880,279,441.88,261.7245405,,,,,,,439.2206436,,,261.7245405,268.1928,-6.4682595,-10.038687
Apr-15,442600,280,442.6,262.1509949,,,,,,,440.9103218,,,262.1509949,268.496,-6.3450051,-6.4682595
May-15,446206,281,446.206,264.2868207,,,,,,,443.5581609,,,264.2868207,268.7992,-4.5123793,-6.3450051
Jun-15,446898,282,446.898,264.6966907,,,,,,,445.2280805,,,264.6966907,269.1024,-4.4057093,-4.5123793
Jul-15,449767,283,449.767,266.395993,,,,,,,447.4975402,,,266.395993,269.4056,-3.009607,-4.4057093
Aug-15,449975,284,449.975,266.519191,,,,,,,448.7362701,,,266.519191,269.7088,-3.189609,-3.009607
Sep-15,448739,285,448.739,265.7871109,,,,,,,448.7376351,,,265.7871109,270.012,-4.2248891,-3.189609
Oct-15,447496,286,447.496,265.0508848,,,,,,,448.1168175,,,265.0508848,270.3152,-5.2643152,-4.2248891
Nov-15,449242,287,449.242,266.0850367,,,,,,,448.6794088,,,266.0850367,270.6184,-4.5333633,-5.2643152
Dec-15,450978,288,450.978,267.1132656,,,,,,,449.8287044,,,267.1132656,270.9216,-3.8083344,-4.5333633
Jan-16,448325,289,448.325,265.2236313,,,,,,,449.0768522,,,265.2236313,271.2248,-6.0011687,-3.8083344
Feb-16,452555,290,452.555,267.726048,,,,,,,450.8159261,,,267.726048,271.528,-3.801952,-6.0011687
Mar-16,451132,291,451.132,266.8842184,,,,,,,450.973963,,,266.8842184,271.8312,-4.9469816,-3.801952
Apr-16,453034,292,453.034,268.0094186,,,,,,,452.0039815,,,268.0094186,272.1344,-4.1249814,-4.9469816
May-16,454683,293,454.683,268.9849469,,,,,,,453.3434908,,,268.9849469,272.4376,-3.4526531,-4.1249814
Jun-16,459088,294,459.088,271.5908915,,,,,,,456.2157454,,,271.5908915,272.7408,-1.1499085,-3.4526531
Jul-16,458579,295,458.579,271.2897733,,,,,,,457.3973727,,,271.2897733,273.044,-1.7542267,-1.1499085
Aug-16,459022,296,459.022,271.5518467,,,,,,,458.2096863,,,271.5518467,273.3472,-1.7953533,-1.7542267
Sep-16,461893,297,461.893,273.2502955,,,,,,,460.0513432,,,273.2502955,273.6504,-0.4001045,-1.7953533
Oct-16,463240,298,463.24,274.0471643,,,,,,,461.6456716,,,274.0471643,273.9536,0.0935643,-0.4001045
Nov-16,462994,299,462.994,273.9016337,,,,,,,462.3198358,,,273.9016337,274.2568,-0.3551663,0.0935643
Dec-16,468076,300,468.076,276.9080833,,,,,,,465.1979179,,,276.9080833,274.56,2.3480833,-0.3551663
Jan-17,473832,301,473.832,276.8252647,,,,,,,469.5149589,,,276.8252647,274.8632,1.9620647,2.3480833
Feb-17,473582,302,473.582,276.6792081,,,,,,,471.5484795,,,276.6792081,275.1664,1.5128081,1.9620647
Mar-17,472693,303,472.693,276.1598306,,,,,,,472.1207397,,,276.1598306,275.4696,0.6902306,1.5128081
Apr-17,475335,304,475.335,277.7033573,,,,,,,473.7278699,,,277.7033573,275.7728,1.9305573,0.6902306
May-17,473242,305,473.242,276.480571,,,,,,,473.4849349,,,276.480571,276.076,0.404571,1.9305573
Jun-17,474798,306,474.798,277.3896276,,,,,,,474.1414675,,,277.3896276,276.3792,1.0104276,0.404571
Jul-17,475045,307,475.045,277.5339316,,,,,,,474.5932337,,,277.5339316,276.6824,0.8515316,1.0104276
Aug-17,475653,308,475.653,277.8891414,,,,,,,475.1231169,,,277.8891414,276.9856,0.9035414,0.8515316
Sep-17,486056,309,486.056,283.9668508,,,,,,,480.5895584,,,283.9668508,277.2888,6.6780508,0.9035414
Oct-17,486635,310,486.635,284.305118,,,,,,,483.6122792,,,284.305118,277.592,6.713118,6.6780508
Nov-17,490648,311,490.648,286.6496194,,,,,,,487.1301396,,,286.6496194,277.8952,8.7544194,6.713118
Dec-17,492996,312,492.996,288.0213835,,,,,,,490.0630698,,,288.0213835,278.1984,9.8229835,8.7544194
Jan-18,492600,313,492.6,281.7879465,,,,,,,491.3315349,,,281.7879465,278.5016,3.2863465,9.8229835
Feb-18,494815,314,494.815,283.0550198,,,,,,,493.0732675,,,283.0550198,278.8048,4.2502198,3.2863465
Mar-18,494747,315,494.747,283.016121,,,,,,,493.9101337,,,283.016121,279.108,3.908121,4.2502198
Apr-18,495967,316,495.967,283.7140123,,,,,,,494.9385669,,,283.7140123,279.4112,4.3028123,3.908121
May-18,502351,317,502.351,287.3659292,,,,,,,498.6447834,,,287.3659292,279.7144,7.6515292,4.3028123
Jun-18,501133,318,501.133,286.6691819,,,,,,,499.8888917,,,286.6691819,280.0176,6.6515819,7.6515292
Jul-18,503834,319,503.834,288.2142677,,,,,,,501.8614459,,,288.2142677,280.3208,7.8934677,6.6515819
Aug-18,502875,320,502.875,287.6656793,,,,,,,502.3682229,,,287.6656793,280.624,7.0416793,7.8934677
Sep-18,502407,321,502.407,287.3979636,,,,,,,502.3876115,,,287.3979636,280.9272,6.4707636,7.0416793
Oct-18,508036,322,508.036,290.6179886,,,,,,,505.2118057,,,290.6179886,281.2304,9.3875886,6.4707636
Nov-18,508471,323,508.471,290.866827,,,,,,,506.8414029,,,290.866827,281.5336,9.333227,9.3875886
Dec-18,497541,324,497.541,284.6144066,,,,,,,502.1912014,,,284.6144066,281.8368,2.7776066,9.333227
Jan-19,505036,325,505.036,282.0205606,,,,,,,503.6136007,,,282.0205606,282.14,-0.1194394,2.7776066
Feb-19,504686,326,504.686,281.8251147,,,,,,,504.1498004,,,281.8251147,282.4432,-0.6180853,-0.1194394
Mar-19,512785,327,512.785,286.347732,,,,,,,508.4674002,,,286.347732,282.7464,3.601332,-0.6180853
Apr-19,515119,328,515.119,287.6510767,,,,,,,511.7932001,,,287.6510767,283.0496,4.6014767,3.601332
May-19,517236,329,517.236,288.8332449,,,,,,,514.5146,,,288.8332449,283.3528,5.4804449,4.6014767
Jun-19,519205,330,519.205,289.9327675,,,,,,,516.8598,,,289.9327675,283.656,6.2767675,5.4804449
Jul-19,522198,331,522.198,291.6041088,,,,,,,519.5289,,,291.6041088,283.9592,7.6449088,6.2767675
Aug-19,524547,332,524.547,292.9158298,,,,,,,522.03795,,,292.9158298,284.2624,8.6534298,7.6449088
Sep-19,522261,333,522.261,291.6392891,,,,,,,522.149475,,,291.6392891,284.5656,7.0736891,8.6534298
Oct-19,524853,334,524.853,293.0867053,,,,,,,523.5012375,,,293.0867053,284.8688,8.2179053,7.0736891
Nov-19,525014,335,525.014,293.1766104,,,,,,,524.2576188,,,293.1766104,285.172,8.0046104,8.2179053
Dec-19,525467,336,525.467,293.4295732,,,,,,,524.8623094,,,293.4295732,285.4752,7.9543732,8.0046104
Jan-20,529616,337,529.616,290.4886006,,,,,,,527.2391547,,,290.4886006,285.7784,4.7102006,7.9543732
Feb-20,527485,338,527.485,289.3197703,,,,,,,527.3620773,,,289.3197703,286.0816,3.2381703,4.7102006
